[{"model": "contenttypes.contenttype", "pk": 1, "fields": {"app_label": "admin", "model": "logentry"}}, {"model": "contenttypes.contenttype", "pk": 2, "fields": {"app_label": "auth", "model": "permission"}}, {"model": "contenttypes.contenttype", "pk": 3, "fields": {"app_label": "auth", "model": "group"}}, {"model": "contenttypes.contenttype", "pk": 4, "fields": {"app_label": "auth", "model": "user"}}, {"model": "contenttypes.contenttype", "pk": 5, "fields": {"app_label": "contenttypes", "model": "contenttype"}}, {"model": "contenttypes.contenttype", "pk": 6, "fields": {"app_label": "sessions", "model": "session"}}, {"model": "contenttypes.contenttype", "pk": 7, "fields": {"app_label": "app", "model": "bagtype"}}, {"model": "contenttypes.contenttype", "pk": 8, "fields": {"app_label": "app", "model": "customer"}}, {"model": "contenttypes.contenttype", "pk": 9, "fields": {"app_label": "app", "model": "inventory"}}, {"model": "contenttypes.contenttype", "pk": 10, "fields": {"app_label": "app", "model": "item"}}, {"model": "contenttypes.contenttype", "pk": 11, "fields": {"app_label": "app", "model": "itemcategory"}}, {"model": "contenttypes.contenttype", "pk": 12, "fields": {"app_label": "app", "model": "loomstock"}}, {"model": "contenttypes.contenttype", "pk": 13, "fields": {"app_label": "app", "model": "order"}}, {"model": "contenttypes.contenttype", "pk": 14, "fields": {"app_label": "app", "model": "printingstock"}}, {"model": "contenttypes.contenttype", "pk": 15, "fields": {"app_label": "app", "model": "quality"}}, {"model": "contenttypes.contenttype", "pk": 16, "fields": {"app_label": "app", "model": "rpmreading"}}, {"model": "contenttypes.contenttype", "pk": 17, "fields": {"app_label": "app", "model": "stereo"}}, {"model": "contenttypes.contenttype", "pk": 18, "fields": {"app_label": "app", "model": "supplier"}}, {"model": "contenttypes.contenttype", "pk": 19, "fields": {"app_label": "app", "model": "tapestock"}}, {"model": "contenttypes.contenttype", "pk": 20, "fields": {"app_label": "app", "model": "tapetype"}}, {"model": "contenttypes.contenttype", "pk": 21, "fields": {"app_label": "app", "model": "tapeline"}}, {"model": "contenttypes.contenttype", "pk": 22, "fields": {"app_label": "app", "model": "purchase"}}, {"model": "contenttypes.contenttype", "pk": 23, "fields": {"app_label": "app", "model": "printing"}}, {"model": "contenttypes.contenttype", "pk": 24, "fields": {"app_label": "app", "model": "loom"}}, {"model": "contenttypes.contenttype", "pk": 25, "fields": {"app_label": "app", "model": "dispatch"}}, {"model": "sessions.session", "pk": "xer7cqo0qjmdiqq73v3gvsq7ry0qjpik", "fields": {"session_data": "NGMyODM4MGExY2Q2NDZmNDk0OWY1NTZjNDVmZmE1MDVmYjk3MDEyZTp7Il9hdXRoX3VzZXJfaWQiOiIyIiwiX2F1dGhfdXNlcl9iYWNrZW5kIjoiZGphbmdvLmNvbnRyaWIuYXV0aC5iYWNrZW5kcy5Nb2RlbEJhY2tlbmQiLCJfYXV0aF91c2VyX2hhc2giOiIwZmUzZTFjMDU3YTE0MWI4NGFjZDNlMGFiMWQxZGVkMGZkNDk4ZjgyIn0=", "expire_date": "2019-11-07T19:33:15.958Z"}}, {"model": "app.rpmreading", "pk": 1, "fields": {"machine_no": 1, "rpm": 0, "time": "2019-10-24T19:19:08.336Z"}}, {"model": "app.rpmreading", "pk": 2, "fields": {"machine_no": 1, "rpm": 0, "time": "2019-10-24T19:25:12.594Z"}}, {"model": "app.rpmreading", "pk": 3, "fields": {"machine_no": 1, "rpm": 0, "time": "2019-10-24T19:26:13.702Z"}}, {"model": "app.rpmreading", "pk": 4, "fields": {"machine_no": 5, "rpm": 0, "time": "2019-10-24T19:34:15.900Z"}}, {"model": "app.rpmreading", "pk": 5, "fields": {"machine_no": 5, "rpm": 0, "time": "2019-10-24T19:35:12.245Z"}}, {"model": "app.rpmreading", "pk": 6, "fields": {"machine_no": 5, "rpm": 0, "time": "2019-10-24T19:38:14.673Z"}}, {"model": "app.rpmreading", "pk": 7, "fields": {"machine_no": 5, "rpm": 0, "time": "2019-10-24T19:39:00.385Z"}}, {"model": "app.rpmreading", "pk": 8, "fields": {"machine_no": 5, "rpm": 0, "time": "2019-10-24T19:39:15.137Z"}}, {"model": "app.rpmreading", "pk": 9, "fields": {"machine_no": 5, "rpm": 0, "time": "2019-10-24T19:40:12.474Z"}}, {"model": "app.rpmreading", "pk": 10, "fields": {"machine_no": 5, "rpm": 0, "time": "2019-10-24T19:41:14.786Z"}}, {"model": "app.rpmreading", "pk": 11, "fields": {"machine_no": 5, "rpm": 0, "time": "2019-10-24T19:42:13.118Z"}}, {"model": "app.rpmreading", "pk": 12, "fields": {"machine_no": 5, "rpm": 0, "time": "2019-10-24T19:43:12.503Z"}}, {"model": "app.rpmreading", "pk": 13, "fields": {"machine_no": 5, "rpm": 0, "time": "2019-10-24T19:47:31.165Z"}}, {"model": "app.rpmreading", "pk": 14, "fields": {"machine_no": 5, "rpm": 0, "time": "2019-10-24T19:47:55.536Z"}}, {"model": "app.rpmreading", "pk": 15, "fields": {"machine_no": 5, "rpm": 0, "time": "2019-10-24T19:48:14.363Z"}}, {"model": "app.rpmreading", "pk": 16, "fields": {"machine_no": 5, "rpm": 0, "time": "2019-10-24T19:49:13.335Z"}}, {"model": "app.rpmreading", "pk": 17, "fields": {"machine_no": 5, "rpm": 0, "time": "2019-10-24T19:50:12.743Z"}}, {"model": "app.rpmreading", "pk": 18, "fields": {"machine_no": 5, "rpm": 0, "time": "2019-10-24T19:51:13.177Z"}}, {"model": "app.rpmreading", "pk": 19, "fields": {"machine_no": 5, "rpm": 0, "time": "2019-10-24T19:52:12.987Z"}}, {"model": "app.supplier", "pk": 1, "fields": {"name": "Abdullah Chaudhry", "address": "Kanwanwali chak#166, District: Nankana Sahib, Tehsil: Shahkot, 147H block, Wapda Town Phase1, Lahore", "contact": "12", "email": "abdullahafzal2121@gmail.com", "NTN": "12", "GST": "12"}}, {"model": "app.supplier", "pk": 2, "fields": {"name": "Abdullah Chaudhry", "address": "Kanwanwali chak#166, District: Nankana Sahib, Tehsil: Shahkot, 147H block, Wapda Town Phase1, Lahore", "contact": "21312321", "email": "", "NTN": "213", "GST": "321"}}, {"model": "app.itemcategory", "pk": 1, "fields": {"name": "RC"}}, {"model": "app.itemcategory", "pk": 2, "fields": {"name": "PP"}}, {"model": "app.item", "pk": 1, "fields": {"category": 1, "name": "Blue"}}, {"model": "app.item", "pk": 2, "fields": {"category": 2, "name": "Yellow"}}, {"model": "app.item", "pk": 3, "fields": {"category": 2, "name": "Orange"}}, {"model": "app.inventory", "pk": 1, "fields": {"item": 1, "quantity": "38.000", "price": "9.120"}}, {"model": "app.inventory", "pk": 2, "fields": {"item": 1, "quantity": "38.000", "price": "9.120"}}, {"model": "app.inventory", "pk": 3, "fields": {"item": 1, "quantity": "38.000", "price": "9.120"}}, {"model": "app.inventory", "pk": 4, "fields": {"item": 1, "quantity": "38.000", "price": "9.120"}}, {"model": "app.inventory", "pk": 5, "fields": {"item": 1, "quantity": "38.000", "price": "9.120"}}, {"model": "app.inventory", "pk": 6, "fields": {"item": 1, "quantity": "38.000", "price": "9.120"}}, {"model": "app.inventory", "pk": 7, "fields": {"item": 2, "quantity": "3121.000", "price": "21.000"}}, {"model": "app.inventory", "pk": 8, "fields": {"item": 3, "quantity": "321.000", "price": "21.000"}}, {"model": "app.purchase", "pk": 1, "fields": {"supplier": 1, "item": 1, "unit": "12.0", "quantity": "12.0", "price": 21, "comments": "213", "date_time": "2019-08-13T20:36:38.122Z"}}, {"model": "app.purchase", "pk": 2, "fields": {"supplier": 1, "item": 1, "unit": "12.0", "quantity": "50.0", "price": 12, "comments": "21", "date_time": "2019-08-13T20:36:38.122Z"}}, {"model": "app.quality", "pk": 1, "fields": {"name": "Special 1"}}, {"model": "app.tapetype", "pk": 1, "fields": {"quality": 1, "denier": "12", "color": "12"}}, {"model": "app.tapetype", "pk": 2, "fields": {"quality": 1, "denier": "12", "color": "red"}}, {"model": "app.tapeline", "pk": 1, "fields": {"batch_id": 1, "inventory": 1, "tape_type": 1, "quantity": 12, "date_time": "2019-08-13T20:36:38.129Z"}}, {"model": "app.tapeline", "pk": 2, "fields": {"batch_id": 1, "inventory": 1, "tape_type": 2, "quantity": 12, "date_time": "2019-08-13T20:36:38.129Z"}}, {"model": "app.tapeline", "pk": 3, "fields": {"batch_id": 1, "inventory": 1, "tape_type": 2, "quantity": 12, "date_time": "2019-08-13T20:36:38.129Z"}}, {"model": "app.tapeline", "pk": 4, "fields": {"batch_id": 1, "inventory": 1, "tape_type": 2, "quantity": 21, "date_time": "2019-08-13T20:36:38.129Z"}}, {"model": "app.tapeline", "pk": 5, "fields": {"batch_id": 1, "inventory": 1, "tape_type": 1, "quantity": 21, "date_time": "2019-08-13T20:36:38.129Z"}}, {"model": "app.tapeline", "pk": 6, "fields": {"batch_id": 1, "inventory": 1, "tape_type": 1, "quantity": 12, "date_time": "2019-08-13T20:36:38.129Z"}}, {"model": "app.tapestock", "pk": 1, "fields": {"tape_type_id": 1, "quantity": 24}}, {"model": "app.bagtype", "pk": 1, "fields": {"quality": 1, "width": 12.0, "length": 21.0, "frame": "red", "color": "blue", "weight": 12.0}}, {"model": "app.bagtype", "pk": 2, "fields": {"quality": 1, "width": 32.0, "length": 12.0, "frame": "pta ni", "color": "pikha", "weight": 12.0}}, {"model": "app.bagtype", "pk": 3, "fields": {"quality": 1, "width": 21.0, "length": 31.0, "frame": "orange", "color": "red", "weight": 12.0}}, {"model": "app.bagtype", "pk": 4, "fields": {"quality": 1, "width": 21.0, "length": 31.0, "frame": "orange", "color": "blue", "weight": 12.0}}, {"model": "app.bagtype", "pk": 5, "fields": {"quality": 1, "width": 21.0, "length": 31.0, "frame": "orange", "color": "khata", "weight": 12.0}}, {"model": "app.bagtype", "pk": 6, "fields": {"quality": 1, "width": 21.0, "length": 31.0, "frame": "orange", "color": "khata", "weight": 15.0}}, {"model": "app.bagtype", "pk": 7, "fields": {"quality": 1, "width": 21.0, "length": 31.0, "frame": "orange", "color": "khata", "weight": 16.0}}, {"model": "app.loom", "pk": 1, "fields": {"loom_number": 1, "circumference": "12.000", "tape_type": 1, "bag_type": 1, "quantity": 12.0, "date_time": "2019-08-13T20:36:38.100Z"}}, {"model": "app.loom", "pk": 2, "fields": {"loom_number": 1, "circumference": "12.000", "tape_type": 1, "bag_type": 1, "quantity": 10.0, "date_time": "2019-08-13T20:36:38.100Z"}}, {"model": "app.loom", "pk": 3, "fields": {"loom_number": 1, "circumference": "12.000", "tape_type": 1, "bag_type": 5, "quantity": 1.0, "date_time": "2019-12-31T12:59:00Z"}}, {"model": "app.loom", "pk": 4, "fields": {"loom_number": 1, "circumference": "12.000", "tape_type": 1, "bag_type": 6, "quantity": 1.0, "date_time": "2019-12-31T12:59:00Z"}}, {"model": "app.loom", "pk": 5, "fields": {"loom_number": 1, "circumference": "12.000", "tape_type": 1, "bag_type": 6, "quantity": 2.0, "date_time": "2019-12-31T12:59:00Z"}}, {"model": "app.loom", "pk": 6, "fields": {"loom_number": 1, "circumference": "12.000", "tape_type": 1, "bag_type": 6, "quantity": 2.0, "date_time": "2019-12-31T12:59:00Z"}}, {"model": "app.loom", "pk": 7, "fields": {"loom_number": 1, "circumference": "12.000", "tape_type": 1, "bag_type": 7, "quantity": 2.0, "date_time": "2019-12-31T12:59:00Z"}}, {"model": "app.loomstock", "pk": 1, "fields": {"bag_type_id": 1, "quantity": 5971.803339130436}}, {"model": "app.stereo", "pk": 1, "fields": {"name": "moli marka", "width": 12.0, "length": 13.0}}, {"model": "app.stereo", "pk": 2, "fields": {"name": "Anar Marka 2", "width": 12.0, "length": 31.0}}, {"model": "app.customer", "pk": 1, "fields": {"name": "Waiz", "address": "Kanwanwali chak#166, District: Nankana Sahib, Tehsil: Shahkot, 147H block, Wapda Town Phase1, Lahore", "contact": "21", "email": "abdullahafzal2121@gmail.com", "NTN": "21", "GST": "21f"}}, {"model": "app.order", "pk": 1, "fields": {"customer": 1, "stereo": 1, "bag_type": 1, "quantity": 21, "date_time": "2019-08-13T20:36:38.108Z", "comments": ""}}, {"model": "app.order", "pk": 2, "fields": {"customer": 1, "stereo": 2, "bag_type": 2, "quantity": 21, "date_time": "2019-08-13T20:36:38.108Z", "comments": ""}}, {"model": "app.printing", "pk": 1, "fields": {"order": 1, "machine": "1", "loom_stock": 1, "stereo": 1, "quantity": 12, "date_time": "2019-08-13T20:36:38.115Z"}}, {"model": "app.printing", "pk": 2, "fields": {"order": 1, "machine": "1", "loom_stock": 1, "stereo": 1, "quantity": 10, "date_time": "2019-08-13T20:36:38.115Z"}}, {"model": "app.printing", "pk": 3, "fields": {"order": 1, "machine": "2", "loom_stock": 1, "stereo": 1, "quantity": 10, "date_time": "2019-08-13T20:36:38.115Z"}}, {"model": "app.printing", "pk": 4, "fields": {"order": 2, "machine": "10", "loom_stock": 1, "stereo": 1, "quantity": 19, "date_time": "2019-08-13T20:36:38.115Z"}}, {"model": "app.printingstock", "pk": 1, "fields": {"order_id": 1.0, "quantity": 11.0}}, {"model": "app.printingstock", "pk": 2, "fields": {"order_id": 2.0, "quantity": 8.0}}, {"model": "app.dispatch", "pk": 1, "fields": {"printing": 1, "order": 1, "quantity": 10, "dispatch_time": "2019-12-31T12:59:00Z", "date_time": "2019-08-13T20:36:38.090Z", "comments": ""}}, {"model": "app.dispatch", "pk": 2, "fields": {"printing": 1, "order": 1, "quantity": 11, "dispatch_time": "2019-12-31T12:59:00Z", "date_time": "2019-08-13T20:36:38.090Z", "comments": ""}}, {"model": "app.dispatch", "pk": 3, "fields": {"printing": 1, "order": 2, "quantity": 11, "dispatch_time": "2019-12-31T12:59:00Z", "date_time": "2019-08-13T20:36:38.090Z", "comments": ""}}, {"model": "auth.permission", "pk": 1, "fields": {"name": "Can add log entry", "content_type": 1, "codename": "add_logentry"}}, {"model": "auth.permission", "pk": 2, "fields": {"name": "Can change log entry", "content_type": 1, "codename": "change_logentry"}}, {"model": "auth.permission", "pk": 3, "fields": {"name": "Can delete log entry", "content_type": 1, "codename": "delete_logentry"}}, {"model": "auth.permission", "pk": 4, "fields": {"name": "Can view log entry", "content_type": 1, "codename": "view_logentry"}}, {"model": "auth.permission", "pk": 5, "fields": {"name": "Can add permission", "content_type": 2, "codename": "add_permission"}}, {"model": "auth.permission", "pk": 6, "fields": {"name": "Can change permission", "content_type": 2, "codename": "change_permission"}}, {"model": "auth.permission", "pk": 7, "fields": {"name": "Can delete permission", "content_type": 2, "codename": "delete_permission"}}, {"model": "auth.permission", "pk": 8, "fields": {"name": "Can view permission", "content_type": 2, "codename": "view_permission"}}, {"model": "auth.permission", "pk": 9, "fields": {"name": "Can add group", "content_type": 3, "codename": "add_group"}}, {"model": "auth.permission", "pk": 10, "fields": {"name": "Can change group", "content_type": 3, "codename": "change_group"}}, {"model": "auth.permission", "pk": 11, "fields": {"name": "Can delete group", "content_type": 3, "codename": "delete_group"}}, {"model": "auth.permission", "pk": 12, "fields": {"name": "Can view group", "content_type": 3, "codename": "view_group"}}, {"model": "auth.permission", "pk": 13, "fields": {"name": "Can add user", "content_type": 4, "codename": "add_user"}}, {"model": "auth.permission", "pk": 14, "fields": {"name": "Can change user", "content_type": 4, "codename": "change_user"}}, {"model": "auth.permission", "pk": 15, "fields": {"name": "Can delete user", "content_type": 4, "codename": "delete_user"}}, {"model": "auth.permission", "pk": 16, "fields": {"name": "Can view user", "content_type": 4, "codename": "view_user"}}, {"model": "auth.permission", "pk": 17, "fields": {"name": "Can add content type", "content_type": 5, "codename": "add_contenttype"}}, {"model": "auth.permission", "pk": 18, "fields": {"name": "Can change content type", "content_type": 5, "codename": "change_contenttype"}}, {"model": "auth.permission", "pk": 19, "fields": {"name": "Can delete content type", "content_type": 5, "codename": "delete_contenttype"}}, {"model": "auth.permission", "pk": 20, "fields": {"name": "Can view content type", "content_type": 5, "codename": "view_contenttype"}}, {"model": "auth.permission", "pk": 21, "fields": {"name": "Can add session", "content_type": 6, "codename": "add_session"}}, {"model": "auth.permission", "pk": 22, "fields": {"name": "Can change session", "content_type": 6, "codename": "change_session"}}, {"model": "auth.permission", "pk": 23, "fields": {"name": "Can delete session", "content_type": 6, "codename": "delete_session"}}, {"model": "auth.permission", "pk": 24, "fields": {"name": "Can view session", "content_type": 6, "codename": "view_session"}}, {"model": "auth.permission", "pk": 25, "fields": {"name": "Can add bag type", "content_type": 7, "codename": "add_bagtype"}}, {"model": "auth.permission", "pk": 26, "fields": {"name": "Can change bag type", "content_type": 7, "codename": "change_bagtype"}}, {"model": "auth.permission", "pk": 27, "fields": {"name": "Can delete bag type", "content_type": 7, "codename": "delete_bagtype"}}, {"model": "auth.permission", "pk": 28, "fields": {"name": "Can view bag type", "content_type": 7, "codename": "view_bagtype"}}, {"model": "auth.permission", "pk": 29, "fields": {"name": "Can add customer", "content_type": 8, "codename": "add_customer"}}, {"model": "auth.permission", "pk": 30, "fields": {"name": "Can change customer", "content_type": 8, "codename": "change_customer"}}, {"model": "auth.permission", "pk": 31, "fields": {"name": "Can delete customer", "content_type": 8, "codename": "delete_customer"}}, {"model": "auth.permission", "pk": 32, "fields": {"name": "Can view customer", "content_type": 8, "codename": "view_customer"}}, {"model": "auth.permission", "pk": 33, "fields": {"name": "Can add inventory", "content_type": 9, "codename": "add_inventory"}}, {"model": "auth.permission", "pk": 34, "fields": {"name": "Can change inventory", "content_type": 9, "codename": "change_inventory"}}, {"model": "auth.permission", "pk": 35, "fields": {"name": "Can delete inventory", "content_type": 9, "codename": "delete_inventory"}}, {"model": "auth.permission", "pk": 36, "fields": {"name": "Can view inventory", "content_type": 9, "codename": "view_inventory"}}, {"model": "auth.permission", "pk": 37, "fields": {"name": "Can add item", "content_type": 10, "codename": "add_item"}}, {"model": "auth.permission", "pk": 38, "fields": {"name": "Can change item", "content_type": 10, "codename": "change_item"}}, {"model": "auth.permission", "pk": 39, "fields": {"name": "Can delete item", "content_type": 10, "codename": "delete_item"}}, {"model": "auth.permission", "pk": 40, "fields": {"name": "Can view item", "content_type": 10, "codename": "view_item"}}, {"model": "auth.permission", "pk": 41, "fields": {"name": "Can add item category", "content_type": 11, "codename": "add_itemcategory"}}, {"model": "auth.permission", "pk": 42, "fields": {"name": "Can change item category", "content_type": 11, "codename": "change_itemcategory"}}, {"model": "auth.permission", "pk": 43, "fields": {"name": "Can delete item category", "content_type": 11, "codename": "delete_itemcategory"}}, {"model": "auth.permission", "pk": 44, "fields": {"name": "Can view item category", "content_type": 11, "codename": "view_itemcategory"}}, {"model": "auth.permission", "pk": 45, "fields": {"name": "Can add loom stock", "content_type": 12, "codename": "add_loomstock"}}, {"model": "auth.permission", "pk": 46, "fields": {"name": "Can change loom stock", "content_type": 12, "codename": "change_loomstock"}}, {"model": "auth.permission", "pk": 47, "fields": {"name": "Can delete loom stock", "content_type": 12, "codename": "delete_loomstock"}}, {"model": "auth.permission", "pk": 48, "fields": {"name": "Can view loom stock", "content_type": 12, "codename": "view_loomstock"}}, {"model": "auth.permission", "pk": 49, "fields": {"name": "Can add order", "content_type": 13, "codename": "add_order"}}, {"model": "auth.permission", "pk": 50, "fields": {"name": "Can change order", "content_type": 13, "codename": "change_order"}}, {"model": "auth.permission", "pk": 51, "fields": {"name": "Can delete order", "content_type": 13, "codename": "delete_order"}}, {"model": "auth.permission", "pk": 52, "fields": {"name": "Can view order", "content_type": 13, "codename": "view_order"}}, {"model": "auth.permission", "pk": 53, "fields": {"name": "Can add printing stock", "content_type": 14, "codename": "add_printingstock"}}, {"model": "auth.permission", "pk": 54, "fields": {"name": "Can change printing stock", "content_type": 14, "codename": "change_printingstock"}}, {"model": "auth.permission", "pk": 55, "fields": {"name": "Can delete printing stock", "content_type": 14, "codename": "delete_printingstock"}}, {"model": "auth.permission", "pk": 56, "fields": {"name": "Can view printing stock", "content_type": 14, "codename": "view_printingstock"}}, {"model": "auth.permission", "pk": 57, "fields": {"name": "Can add quality", "content_type": 15, "codename": "add_quality"}}, {"model": "auth.permission", "pk": 58, "fields": {"name": "Can change quality", "content_type": 15, "codename": "change_quality"}}, {"model": "auth.permission", "pk": 59, "fields": {"name": "Can delete quality", "content_type": 15, "codename": "delete_quality"}}, {"model": "auth.permission", "pk": 60, "fields": {"name": "Can view quality", "content_type": 15, "codename": "view_quality"}}, {"model": "auth.permission", "pk": 61, "fields": {"name": "Can add rpm reading", "content_type": 16, "codename": "add_rpmreading"}}, {"model": "auth.permission", "pk": 62, "fields": {"name": "Can change rpm reading", "content_type": 16, "codename": "change_rpmreading"}}, {"model": "auth.permission", "pk": 63, "fields": {"name": "Can delete rpm reading", "content_type": 16, "codename": "delete_rpmreading"}}, {"model": "auth.permission", "pk": 64, "fields": {"name": "Can view rpm reading", "content_type": 16, "codename": "view_rpmreading"}}, {"model": "auth.permission", "pk": 65, "fields": {"name": "Can add stereo", "content_type": 17, "codename": "add_stereo"}}, {"model": "auth.permission", "pk": 66, "fields": {"name": "Can change stereo", "content_type": 17, "codename": "change_stereo"}}, {"model": "auth.permission", "pk": 67, "fields": {"name": "Can delete stereo", "content_type": 17, "codename": "delete_stereo"}}, {"model": "auth.permission", "pk": 68, "fields": {"name": "Can view stereo", "content_type": 17, "codename": "view_stereo"}}, {"model": "auth.permission", "pk": 69, "fields": {"name": "Can add supplier", "content_type": 18, "codename": "add_supplier"}}, {"model": "auth.permission", "pk": 70, "fields": {"name": "Can change supplier", "content_type": 18, "codename": "change_supplier"}}, {"model": "auth.permission", "pk": 71, "fields": {"name": "Can delete supplier", "content_type": 18, "codename": "delete_supplier"}}, {"model": "auth.permission", "pk": 72, "fields": {"name": "Can view supplier", "content_type": 18, "codename": "view_supplier"}}, {"model": "auth.permission", "pk": 73, "fields": {"name": "Can add tape stock", "content_type": 19, "codename": "add_tapestock"}}, {"model": "auth.permission", "pk": 74, "fields": {"name": "Can change tape stock", "content_type": 19, "codename": "change_tapestock"}}, {"model": "auth.permission", "pk": 75, "fields": {"name": "Can delete tape stock", "content_type": 19, "codename": "delete_tapestock"}}, {"model": "auth.permission", "pk": 76, "fields": {"name": "Can view tape stock", "content_type": 19, "codename": "view_tapestock"}}, {"model": "auth.permission", "pk": 77, "fields": {"name": "Can add tape type", "content_type": 20, "codename": "add_tapetype"}}, {"model": "auth.permission", "pk": 78, "fields": {"name": "Can change tape type", "content_type": 20, "codename": "change_tapetype"}}, {"model": "auth.permission", "pk": 79, "fields": {"name": "Can delete tape type", "content_type": 20, "codename": "delete_tapetype"}}, {"model": "auth.permission", "pk": 80, "fields": {"name": "Can view tape type", "content_type": 20, "codename": "view_tapetype"}}, {"model": "auth.permission", "pk": 81, "fields": {"name": "Can add tapeline", "content_type": 21, "codename": "add_tapeline"}}, {"model": "auth.permission", "pk": 82, "fields": {"name": "Can change tapeline", "content_type": 21, "codename": "change_tapeline"}}, {"model": "auth.permission", "pk": 83, "fields": {"name": "Can delete tapeline", "content_type": 21, "codename": "delete_tapeline"}}, {"model": "auth.permission", "pk": 84, "fields": {"name": "Can view tapeline", "content_type": 21, "codename": "view_tapeline"}}, {"model": "auth.permission", "pk": 85, "fields": {"name": "Can add purchase", "content_type": 22, "codename": "add_purchase"}}, {"model": "auth.permission", "pk": 86, "fields": {"name": "Can change purchase", "content_type": 22, "codename": "change_purchase"}}, {"model": "auth.permission", "pk": 87, "fields": {"name": "Can delete purchase", "content_type": 22, "codename": "delete_purchase"}}, {"model": "auth.permission", "pk": 88, "fields": {"name": "Can view purchase", "content_type": 22, "codename": "view_purchase"}}, {"model": "auth.permission", "pk": 89, "fields": {"name": "Can add printing", "content_type": 23, "codename": "add_printing"}}, {"model": "auth.permission", "pk": 90, "fields": {"name": "Can change printing", "content_type": 23, "codename": "change_printing"}}, {"model": "auth.permission", "pk": 91, "fields": {"name": "Can delete printing", "content_type": 23, "codename": "delete_printing"}}, {"model": "auth.permission", "pk": 92, "fields": {"name": "Can view printing", "content_type": 23, "codename": "view_printing"}}, {"model": "auth.permission", "pk": 93, "fields": {"name": "Can add loom", "content_type": 24, "codename": "add_loom"}}, {"model": "auth.permission", "pk": 94, "fields": {"name": "Can change loom", "content_type": 24, "codename": "change_loom"}}, {"model": "auth.permission", "pk": 95, "fields": {"name": "Can delete loom", "content_type": 24, "codename": "delete_loom"}}, {"model": "auth.permission", "pk": 96, "fields": {"name": "Can view loom", "content_type": 24, "codename": "view_loom"}}, {"model": "auth.permission", "pk": 97, "fields": {"name": "Can add dispatch", "content_type": 25, "codename": "add_dispatch"}}, {"model": "auth.permission", "pk": 98, "fields": {"name": "Can change dispatch", "content_type": 25, "codename": "change_dispatch"}}, {"model": "auth.permission", "pk": 99, "fields": {"name": "Can delete dispatch", "content_type": 25, "codename": "delete_dispatch"}}, {"model": "auth.permission", "pk": 100, "fields": {"name": "Can view dispatch", "content_type": 25, "codename": "view_dispatch"}}, {"model": "auth.user", "pk": 1, "fields": {"password": "pbkdf2_sha256$150000$E74OY1YKsPlJ$sTEiOTE0c7/U4MvTzx7mtnfjWc/gmlgKi0lnxJPb4yo=", "last_login": null, "is_superuser": true, "username": "abdullah", "first_name": "", "last_name": "", "email": "", "is_staff": true, "is_active": true, "date_joined": "2019-08-29T16:02:22.410Z", "groups": [], "user_permissions": []}}, {"model": "auth.user", "pk": 2, "fields": {"password": "pbkdf2_sha256$150000$6VOMNtyNNcaQ$ckA/3QMi0sy22q+fDnd6QIDDmCp50cCU01SH3Cv0/Ro=", "last_login": "2019-10-24T19:33:15.945Z", "is_superuser": true, "username": "test", "first_name": "", "last_name": "", "email": "test@test.com", "is_staff": true, "is_active": true, "date_joined": "2019-10-24T19:33:04.760Z", "groups": [], "user_permissions": []}}]